"File","Missing"
"accident-report.md","## 1.; ## 2.; ## Signatures; IMPORTANT LEGAL NOTICE"
"ach-authorization-form.md","## 1.; ## 2.; ## Signatures; IMPORTANT LEGAL NOTICE"
"advance-directive-revocation.md","## 1.; ## 2.; ## Signatures; IMPORTANT LEGAL NOTICE"
"advance-directive.md","## 1.; ## 2.; ## Signatures; IMPORTANT LEGAL NOTICE"
"affidavit-general.md","## Signatures"
"affidavit-of-death.md","## 1.; ## 2.; ## Signatures; IMPORTANT LEGAL NOTICE"
"affidavit-of-heirship.md","## 1.; ## 2.; ## Signatures; IMPORTANT LEGAL NOTICE"
"affidavit-of-identity.md","## 1.; ## 2.; ## Signatures; IMPORTANT LEGAL NOTICE"
"affidavit-of-survivorship.md","## 1.; ## 2.; ## Signatures; IMPORTANT LEGAL NOTICE"
"affidavit.md","## 1.; ## 2.; ## Signatures; IMPORTANT LEGAL NOTICE"
"affiliate-marketing-agreement.md","## 1.; ## 2.; ## Signatures; IMPORTANT LEGAL NOTICE"
"agricultural-agreement.md","## 1.; ## 2.; ## Signatures; IMPORTANT LEGAL NOTICE"
"api-terms-of-service.md","## 1.; ## 2.; ## Signatures; IMPORTANT LEGAL NOTICE"
"app-development-agreement.md","## 1.; ## 2.; ## Signatures; IMPORTANT LEGAL NOTICE"
"arbitration-agreement.md","## 1.; ## 2.; ## Signatures; IMPORTANT LEGAL NOTICE"
"architect-contract.md","## 1.; ## 2.; ## Signatures; IMPORTANT LEGAL NOTICE"
"articles-of-incorporation-biz.md","## Signatures"
"articles-of-incorporation.md","## 1.; ## 2.; ## Signatures; IMPORTANT LEGAL NOTICE"
"assignment-agreement.md","## 1.; ## 2.; ## Signatures; IMPORTANT LEGAL NOTICE"
"athletic-scholarship-agreement.md","## 1.; ## 2.; ## Signatures; IMPORTANT LEGAL NOTICE"
"auto-repair-agreement.md","## 1.; ## 2.; ## Signatures; IMPORTANT LEGAL NOTICE"
"automotive-service-agreement.md","## 1.; ## 2.; ## Signatures; IMPORTANT LEGAL NOTICE"
"aviation-charter-agreement.md","## 1.; ## 2.; ## Signatures; IMPORTANT LEGAL NOTICE"
"bar-agreement.md","## 1.; ## 2.; ## Signatures; IMPORTANT LEGAL NOTICE"
"basic-nda.md","## 1.; ## 2.; ## Signatures; IMPORTANT LEGAL NOTICE"
"bid-proposal.md","## 1.; ## 2.; ## Signatures; IMPORTANT LEGAL NOTICE"
"bill-of-sale-general.md","## 1.; ## 2.; ## Signatures; IMPORTANT LEGAL NOTICE"
"bill-of-sale-vehicle.md","## Signatures; IMPORTANT LEGAL NOTICE"
"board-resolution.md","## 1.; ## 2.; ## Signatures; IMPORTANT LEGAL NOTICE"
"boat-bill-of-sale.md","## 1.; ## 2.; ## Signatures; IMPORTANT LEGAL NOTICE"
"bookkeeping-services-agreement.md","## 1.; ## 2.; ## Signatures; IMPORTANT LEGAL NOTICE"
"brand-ambassador-agreement.md","## 1.; ## 2.; ## Signatures; IMPORTANT LEGAL NOTICE"
"brand-licensing-agreement.md","## 1.; ## 2.; ## Signatures; IMPORTANT LEGAL NOTICE"
"breach-contract-notice.md","## 1.; ## 2.; ## Signatures; IMPORTANT LEGAL NOTICE"
"business-contract.md","## 1.; ## 2.; ## Signatures; IMPORTANT LEGAL NOTICE"
"business-franchise-agreement.md","## 1.; ## 2.; ## Signatures; IMPORTANT LEGAL NOTICE"
"business-plan.md","## 1.; ## 2.; ## Signatures; IMPORTANT LEGAL NOTICE"
"business-sale-agreement.md","## 1.; ## 2.; ## Signatures; IMPORTANT LEGAL NOTICE"
"buy-sell-agreement.md","## 1.; ## 2.; ## Signatures; IMPORTANT LEGAL NOTICE"
"catering-agreement.md","## 1.; ## 2.; ## Signatures; IMPORTANT LEGAL NOTICE"
"cease-desist-letter.md","## 1.; ## 2.; ## Signatures; IMPORTANT LEGAL NOTICE"
"certificate-substantial-completion.md","## 1.; ## 2.; ## Signatures; IMPORTANT LEGAL NOTICE"
"change-order.md","## 1.; ## 2.; ## Signatures; IMPORTANT LEGAL NOTICE"
"child-care-authorization-form.md","## 1.; ## 2.; ## Signatures; IMPORTANT LEGAL NOTICE"
"child-care-contract.md","## 1.; ## 2.; ## Signatures; IMPORTANT LEGAL NOTICE"
"child-custody-agreement.md","## Signatures"
"child-medical-consent.md","## Signatures"
"child-support-agreement.md","## 1.; ## 2.; ## Signatures; IMPORTANT LEGAL NOTICE"
"child-travel-consent.md","## 1.; ## 2.; ## Signatures; IMPORTANT LEGAL NOTICE"
"clinical-trial-agreement.md","## 1.; ## 2.; ## Signatures; IMPORTANT LEGAL NOTICE"
"cloud-services-agreement.md","## 1.; ## 2.; ## Signatures; IMPORTANT LEGAL NOTICE"
"coaching-agreement.md","## 1.; ## 2.; ## Signatures; IMPORTANT LEGAL NOTICE"
"codicil-to-will.md","## 1.; ## 2.; ## Signatures; IMPORTANT LEGAL NOTICE"
"cohabitation-agreement.md","## 1.; ## 2.; ## Signatures; IMPORTANT LEGAL NOTICE"
"collection-letter.md","## 1.; ## 2.; ## Signatures; IMPORTANT LEGAL NOTICE"
"commercial-lease-agreement.md","## Signatures"
"commercial-lease-with-option-to-purchase.md","## 1.; ## 2.; ## Signatures; IMPORTANT LEGAL NOTICE"
"commercial-loan-agreement.md","## 1.; ## 2.; ## Signatures; IMPORTANT LEGAL NOTICE"
"commission-agreement.md","## 1.; ## 2.; ## Signatures; IMPORTANT LEGAL NOTICE"
"complaint-letter.md","## 1.; ## 2.; ## Signatures; IMPORTANT LEGAL NOTICE"
"confidentiality-agreement.md","## 1.; ## 2.; ## Signatures; IMPORTANT LEGAL NOTICE"
"consignment-agreement.md","## 1.; ## 2.; ## Signatures; IMPORTANT LEGAL NOTICE"
"construction-bid-form.md","## 1.; ## 2.; ## Signatures; IMPORTANT LEGAL NOTICE"
"construction-contract.md","## 1.; ## 2.; ## Signatures; IMPORTANT LEGAL NOTICE"
"construction-management-agreement.md","## 1.; ## 2.; ## Signatures; IMPORTANT LEGAL NOTICE"
"consulting-agreement.md","## 1.; ## 2.; ## Signatures; IMPORTANT LEGAL NOTICE"
"consulting-services-agreement.md","## 1.; ## 2.; ## Signatures; IMPORTANT LEGAL NOTICE"
"content-creation-agreement.md","## 1.; ## 2.; ## Signatures; IMPORTANT LEGAL NOTICE"
"contract-amendment.md","## 1.; ## 2.; ## Signatures; IMPORTANT LEGAL NOTICE"
"contract-termination-letter.md","## 1.; ## 2.; ## Signatures; IMPORTANT LEGAL NOTICE"
"cookie-policy.md","## 1.; ## 2.; ## Signatures; IMPORTANT LEGAL NOTICE"
"copyright-assignment-agreement.md","## 1.; ## 2.; ## Signatures; IMPORTANT LEGAL NOTICE"
"copyright-assignment.md","## 1.; ## 2.; ## Signatures; IMPORTANT LEGAL NOTICE"
"copyright-license-agreement.md","## 1.; ## 2.; ## Signatures; IMPORTANT LEGAL NOTICE"
"corporate-bylaws.md","## 1.; ## 2.; ## Signatures; IMPORTANT LEGAL NOTICE"
"court-filing-document.md","## 1.; ## 2.; ## Signatures; IMPORTANT LEGAL NOTICE"
"covid19-health-screening.md","## 1.; ## 2.; ## Signatures; IMPORTANT LEGAL NOTICE"
"credit-card-agreement.md","## 1.; ## 2.; ## Signatures; IMPORTANT LEGAL NOTICE"
"crop-sharing-agreement.md","## 1.; ## 2.; ## Signatures; IMPORTANT LEGAL NOTICE"
"cryptocurrency-agreement.md","## 1.; ## 2.; ## Signatures; IMPORTANT LEGAL NOTICE"
"cybersecurity-agreement.md","## 1.; ## 2.; ## Signatures; IMPORTANT LEGAL NOTICE"
"data-processing-agreement.md","## 1.; ## 2.; ## Signatures; IMPORTANT LEGAL NOTICE"
"debt-settlement-agreement.md","## 1.; ## 2.; ## Signatures; IMPORTANT LEGAL NOTICE"
"debt-validation-letter.md","## 1.; ## 2.; ## Signatures; IMPORTANT LEGAL NOTICE"
"demand-letter-payment.md","## Signatures"
"demand-letter.md","## 1.; ## 2.; ## Signatures; IMPORTANT LEGAL NOTICE"
"digital-asset-agreement.md","## 1.; ## 2.; ## Signatures; IMPORTANT LEGAL NOTICE"
"direct-deposit-form.md","## 1.; ## 2.; ## Signatures; IMPORTANT LEGAL NOTICE"
"distribution-agreement.md","## 1.; ## 2.; ## Signatures; IMPORTANT LEGAL NOTICE"
"divorce-settlement-agreement.md","## Signatures"
"dog-breeding-agreement.md","## 1.; ## 2.; ## Signatures; IMPORTANT LEGAL NOTICE"
"donation-agreement.md","## 1.; ## 2.; ## Signatures; IMPORTANT LEGAL NOTICE"
"durable-power-of-attorney.md","## 1.; ## 2.; ## Signatures; IMPORTANT LEGAL NOTICE"
"earnest-money-agreement.md","## 1.; ## 2.; ## Signatures; IMPORTANT LEGAL NOTICE"
"ecommerce-terms-of-service.md","## 1.; ## 2.; ## Signatures; IMPORTANT LEGAL NOTICE"
"education-trust.md","## 1.; ## 2.; ## Signatures; IMPORTANT LEGAL NOTICE"
"elder-care-agreement.md","## 1.; ## 2.; ## Signatures; IMPORTANT LEGAL NOTICE"
"employee-bonus-plan.md","## 1.; ## 2.; ## Signatures; IMPORTANT LEGAL NOTICE"
"employee-evaluation-form.md","## 1.; ## 2.; ## Signatures; IMPORTANT LEGAL NOTICE"
"employee-handbook.md","## 1.; ## 2.; ## Signatures; IMPORTANT LEGAL NOTICE"
"employee-non-disclosure-agreement.md","## 1.; ## 2.; ## Signatures; IMPORTANT LEGAL NOTICE"
"employee-warning-notice.md","## 1.; ## 2.; ## Signatures; IMPORTANT LEGAL NOTICE"
"employment-contract.md","## Signatures"
"employment-offer-letter.md","## Signatures"
"employment-termination-letter.md","## Signatures"
"employment-verification-letter.md","## 1.; ## 2.; ## Signatures; IMPORTANT LEGAL NOTICE"
"endorsement-agreement.md","## 1.; ## 2.; ## Signatures; IMPORTANT LEGAL NOTICE"
"environmental-agreement.md","## 1.; ## 2.; ## Signatures; IMPORTANT LEGAL NOTICE"
"equipment-rental-agreement.md","## 1.; ## 2.; ## Signatures; IMPORTANT LEGAL NOTICE"
"equity-incentive-plan.md","## 1.; ## 2.; ## Signatures; IMPORTANT LEGAL NOTICE"
"event-planning-agreement.md","## 1.; ## 2.; ## Signatures; IMPORTANT LEGAL NOTICE"
"event-planning-contract.md","## 1.; ## 2.; ## Signatures; IMPORTANT LEGAL NOTICE"
"eviction-notice.md","## Signatures"
"executive-employment-agreement.md","## 1.; ## 2.; ## Signatures; IMPORTANT LEGAL NOTICE"
"farm-lease-agreement.md","## 1.; ## 2.; ## Signatures; IMPORTANT LEGAL NOTICE"
"film-production-agreement.md","## 1.; ## 2.; ## Signatures; IMPORTANT LEGAL NOTICE"
"fitness-waiver.md","## 1.; ## 2.; ## Signatures; IMPORTANT LEGAL NOTICE"
"food-truck-agreement.md","## 1.; ## 2.; ## Signatures; IMPORTANT LEGAL NOTICE"
"force-majeure-notice.md","## 1.; ## 2.; ## Signatures; IMPORTANT LEGAL NOTICE"
"franchise-agreement.md","## 1.; ## 2.; ## Signatures; IMPORTANT LEGAL NOTICE"
"franchise-disclosure-agreement.md","## 1.; ## 2.; ## Signatures; IMPORTANT LEGAL NOTICE"
"franchise-disclosure-document.md","## 1.; ## 2.; ## Signatures; IMPORTANT LEGAL NOTICE"
"gaming-agreement.md","## 1.; ## 2.; ## Signatures; IMPORTANT LEGAL NOTICE"
"general-contractor-agreement.md","## 1.; ## 2.; ## Signatures; IMPORTANT LEGAL NOTICE"
"general-inquiry.md","## 1.; ## 2.; ## Signatures; IMPORTANT LEGAL NOTICE"
"general-liability-waiver.md","## 1.; ## 2.; ## Signatures; IMPORTANT LEGAL NOTICE"
"government-contract-agreement.md","## 1.; ## 2.; ## Signatures; IMPORTANT LEGAL NOTICE"
"guardianship-agreement.md","## 1.; ## 2.; ## Signatures; IMPORTANT LEGAL NOTICE"
"health-care-directive.md","## 1.; ## 2.; ## Signatures; IMPORTANT LEGAL NOTICE"
"healthcare-power-of-attorney.md","## Signatures"
"hipaa-authorization-form.md","## 1.; ## 2.; ## Signatures; IMPORTANT LEGAL NOTICE"
"hold-harmless-agreement.md","## 1.; ## 2.; ## Signatures; IMPORTANT LEGAL NOTICE"
"home-improvement-contract.md","## 1.; ## 2.; ## Signatures; IMPORTANT LEGAL NOTICE"
"horse-boarding-agreement.md","## 1.; ## 2.; ## Signatures; IMPORTANT LEGAL NOTICE"
"hotel-agreement.md","## 1.; ## 2.; ## Signatures; IMPORTANT LEGAL NOTICE"
"hunting-lease-agreement.md","## 1.; ## 2.; ## Signatures; IMPORTANT LEGAL NOTICE"
"immigration-affidavit.md","## 1.; ## 2.; ## Signatures; IMPORTANT LEGAL NOTICE"
"incident-report.md","## 1.; ## 2.; ## Signatures; IMPORTANT LEGAL NOTICE"
"indemnity-agreement.md","## 1.; ## 2.; ## Signatures; IMPORTANT LEGAL NOTICE"
"independent-contractor-agreement.md","## Signatures"
"influencer-agreement.md","## 1.; ## 2.; ## Signatures; IMPORTANT LEGAL NOTICE"
"insurance-claim-form.md","## 1.; ## 2.; ## Signatures; IMPORTANT LEGAL NOTICE"
"international-trade-agreement.md","## 1.; ## 2.; ## Signatures; IMPORTANT LEGAL NOTICE"
"internship-agreement.md","## 1.; ## 2.; ## Signatures; IMPORTANT LEGAL NOTICE"
"invention-assignment-agreement.md","## 1.; ## 2.; ## Signatures; IMPORTANT LEGAL NOTICE"
"investment-agreement.md","## 1.; ## 2.; ## Signatures; IMPORTANT LEGAL NOTICE"
"invoice.md","## 1.; ## 2.; ## Signatures"
"job-application-form.md","## 1.; ## 2.; ## Signatures; IMPORTANT LEGAL NOTICE"
"joint-living-trust.md","## 1.; ## 2.; ## Signatures; IMPORTANT LEGAL NOTICE"
"joint-venture-agreement.md","## 1.; ## 2.; ## Signatures; IMPORTANT LEGAL NOTICE"
"joint-venture-operating-agreement.md","## 1.; ## 2.; ## Signatures; IMPORTANT LEGAL NOTICE"
"landscaping-contract.md","## 1.; ## 2.; ## Signatures; IMPORTANT LEGAL NOTICE"
"last-will-testament.md","## 1.; ## Signatures"
"late-rent-notice.md","## 1.; ## 2.; ## Signatures; IMPORTANT LEGAL NOTICE"
"lease-addendum.md","## 1.; ## 2.; ## Signatures; IMPORTANT LEGAL NOTICE"
"lease-agreement.md","## 1.; ## 2.; ## Signatures; IMPORTANT LEGAL NOTICE"
"lease-amendment.md","## 1.; ## 2.; ## Signatures; IMPORTANT LEGAL NOTICE"
"lease-renewal-agreement.md","## 1.; ## 2.; ## Signatures; IMPORTANT LEGAL NOTICE"
"lease-termination-letter.md","## 1.; ## 2.; ## Signatures; IMPORTANT LEGAL NOTICE"
"leave-of-absence-request-form.md","## 1.; ## 2.; ## Signatures; IMPORTANT LEGAL NOTICE"
"letter-of-intent.md","## 1.; ## 2.; ## Signatures; IMPORTANT LEGAL NOTICE"
"liability-waiver.md","## 1.; ## 2.; ## Signatures; IMPORTANT LEGAL NOTICE"
"licensing-agreement-general.md","## 1.; ## 2.; ## Signatures; IMPORTANT LEGAL NOTICE"
"licensing-agreement.md","## 1.; ## 2.; ## Signatures; IMPORTANT LEGAL NOTICE"
"limited-partnership-agreement.md","## 1.; ## 2.; ## Signatures; IMPORTANT LEGAL NOTICE"
"livestock-purchase-agreement.md","## 1.; ## 2.; ## Signatures; IMPORTANT LEGAL NOTICE"
"living-trust-amendment.md","## 1.; ## 2.; ## Signatures; IMPORTANT LEGAL NOTICE"
"living-trust.md","## Signatures"
"living-will.md","## Signatures"
"llc-operating-agreement.md","## Signatures"
"loan-agreement.md","## 1.; ## 2.; ## Signatures; IMPORTANT LEGAL NOTICE"
"loan-modification-agreement.md","## 1.; ## 2.; ## Signatures; IMPORTANT LEGAL NOTICE"
"loan-modification-letter.md","## 1.; ## 2.; ## Signatures; IMPORTANT LEGAL NOTICE"
"lottery-pool-contract.md","## 1.; ## 2.; ## Signatures; IMPORTANT LEGAL NOTICE"
"manufacturing-agreement.md","## 1.; ## 2.; ## Signatures; IMPORTANT LEGAL NOTICE"
"maritime-charter-agreement.md","## 1.; ## 2.; ## Signatures; IMPORTANT LEGAL NOTICE"
"marketing-agreement.md","## 1.; ## 2.; ## Signatures; IMPORTANT LEGAL NOTICE"
"marketing-services-agreement.md","## 1.; ## 2.; ## Signatures; IMPORTANT LEGAL NOTICE"
"marriage-separation-agreement.md","## 1.; ## 2.; ## Signatures; IMPORTANT LEGAL NOTICE"
"master-service-agreement.md","## 1.; ## 2.; ## Signatures; IMPORTANT LEGAL NOTICE"
"mechanics-lien-waiver.md","## 1.; ## 2.; ## Signatures; IMPORTANT LEGAL NOTICE"
"mechanics-lien.md","## 1.; ## 2.; ## Signatures; IMPORTANT LEGAL NOTICE"
"mediation-agreement.md","## 1.; ## 2.; ## Signatures; IMPORTANT LEGAL NOTICE"
"medical-consent-form.md","## 1.; ## 2.; ## Signatures; IMPORTANT LEGAL NOTICE"
"medical-consent.md","## 1.; ## 2.; ## Signatures; IMPORTANT LEGAL NOTICE"
"medical-power-of-attorney.md","## 1.; ## 2.; ## Signatures; IMPORTANT LEGAL NOTICE"
"membership-agreement.md","## 1.; ## 2.; ## Signatures; IMPORTANT LEGAL NOTICE"
"membership-cancellation-letter.md","## 1.; ## 2.; ## Signatures; IMPORTANT LEGAL NOTICE"
"memorandum-of-agreement.md","## 1.; ## 2.; ## Signatures; IMPORTANT LEGAL NOTICE"
"memorandum-of-understanding.md","## 1.; ## 2.; ## Signatures; IMPORTANT LEGAL NOTICE"
"merger-agreement.md","## 1.; ## 2.; ## Signatures; IMPORTANT LEGAL NOTICE"
"mining-agreement.md","## 1.; ## 2.; ## Signatures; IMPORTANT LEGAL NOTICE"
"mining-lease-agreement.md","## 1.; ## 2.; ## Signatures; IMPORTANT LEGAL NOTICE"
"model-release.md","## 1.; ## 2.; ## Signatures; IMPORTANT LEGAL NOTICE"
"mortgage-agreement.md","## 1.; ## 2.; ## Signatures; IMPORTANT LEGAL NOTICE"
"music-license-agreement.md","## 1.; ## 2.; ## Signatures; IMPORTANT LEGAL NOTICE"
"music-licensing-agreement.md","## 1.; ## 2.; ## Signatures; IMPORTANT LEGAL NOTICE"
"mutual-non-disclosure-agreement.md","## 1.; ## 2.; ## Signatures; IMPORTANT LEGAL NOTICE"
"name-change-notification-letter.md","## 1.; ## 2.; ## Signatures; IMPORTANT LEGAL NOTICE"
"nda.md","## 1.; ## 2.; ## Signatures; IMPORTANT LEGAL NOTICE"
"non-compete-agreement.md","## Signatures"
"non-disclosure-agreement.md","## Signatures"
"nonprofit-bylaws.md","## 1.; ## 2.; ## Signatures; IMPORTANT LEGAL NOTICE"
"notarization-request.md","## 1.; ## 2.; ## Signatures; IMPORTANT LEGAL NOTICE"
"notice-of-lease-violation.md","## 1.; ## 2.; ## Signatures; IMPORTANT LEGAL NOTICE"
"notice-to-enter.md","## 1.; ## 2.; ## Signatures; IMPORTANT LEGAL NOTICE"
"notice-to-pay-rent-or-quit.md","## 1.; ## 2.; ## Signatures; IMPORTANT LEGAL NOTICE"
"notice-to-proceed.md","## 1.; ## 2.; ## Signatures; IMPORTANT LEGAL NOTICE"
"offer-letter.md","## 1.; ## 2.; ## Signatures; IMPORTANT LEGAL NOTICE"
"office-space-lease.md","## 1.; ## 2.; ## Signatures; IMPORTANT LEGAL NOTICE"
"oil-gas-lease-agreement.md","## 1.; ## 2.; ## Signatures; IMPORTANT LEGAL NOTICE"
"oil-gas-lease.md","## 1.; ## 2.; ## Signatures; IMPORTANT LEGAL NOTICE"
"operating-agreement.md","## 1.; ## 2.; ## Signatures; IMPORTANT LEGAL NOTICE"
"outsourcing-agreement.md","## 1.; ## 2.; ## Signatures; IMPORTANT LEGAL NOTICE"
"parenting-plan.md","## 1.; ## 2.; ## Signatures; IMPORTANT LEGAL NOTICE"
"parking-space-lease-agreement.md","## 1.; ## 2.; ## Signatures; IMPORTANT LEGAL NOTICE"
"partnership-agreement.md","## Signatures"
"partnership-amendment.md","## 1.; ## 2.; ## Signatures; IMPORTANT LEGAL NOTICE"
"partnership-dissolution-agreement.md","## 1.; ## 2.; ## Signatures; IMPORTANT LEGAL NOTICE"
"patent-application-assignment.md","## 1.; ## 2.; ## Signatures; IMPORTANT LEGAL NOTICE"
"patent-assignment.md","## 1.; ## 2.; ## Signatures; IMPORTANT LEGAL NOTICE"
"patent-license-agreement.md","## 1.; ## 2.; ## Signatures; IMPORTANT LEGAL NOTICE"
"patent-licensing-agreement.md","## 1.; ## 2.; ## Signatures; IMPORTANT LEGAL NOTICE"
"payment-bond.md","## 1.; ## 2.; ## Signatures; IMPORTANT LEGAL NOTICE"
"payment-plan.md","## 1.; ## 2.; ## Signatures; IMPORTANT LEGAL NOTICE"
"performance-bond.md","## 1.; ## 2.; ## Signatures; IMPORTANT LEGAL NOTICE"
"personal-care-agreement.md","## 1.; ## 2.; ## Signatures; IMPORTANT LEGAL NOTICE"
"personal-loan-agreement.md","## 1.; ## 2.; ## Signatures; IMPORTANT LEGAL NOTICE"
"personal-training-agreement.md","## 1.; ## 2.; ## Signatures; IMPORTANT LEGAL NOTICE"
"pet-addendum.md","## 1.; ## 2.; ## Signatures; IMPORTANT LEGAL NOTICE"
"pet-agreement.md","## 1.; ## 2.; ## Signatures; IMPORTANT LEGAL NOTICE"
"pet-custody-agreement.md","## 1.; ## 2.; ## Signatures; IMPORTANT LEGAL NOTICE"
"photo-release-form.md","## 1.; ## 2.; ## Signatures; IMPORTANT LEGAL NOTICE"
"photography-release.md","## 1.; ## 2.; ## Signatures; IMPORTANT LEGAL NOTICE"
"postnuptial-agreement.md","## 1.; ## 2.; ## Signatures; IMPORTANT LEGAL NOTICE"
"pour-over-will.md","## 1.; ## 2.; ## Signatures; IMPORTANT LEGAL NOTICE"
"power-of-attorney-for-child.md","## 1.; ## 2.; ## Signatures; IMPORTANT LEGAL NOTICE"
"power-of-attorney.md","## Signatures"
"prenuptial-agreement.md","## Signatures"
"privacy-policy.md","## 1.; ## 2.; ## Signatures; IMPORTANT LEGAL NOTICE"
"private-equity-investment-agreement.md","## 1.; ## 2.; ## Signatures; IMPORTANT LEGAL NOTICE"
"private-placement-memorandum.md","## 1.; ## 2.; ## Signatures; IMPORTANT LEGAL NOTICE"
"product-liability-waiver.md","## 1.; ## 2.; ## Signatures; IMPORTANT LEGAL NOTICE"
"professional-liability-waiver.md","## 1.; ## 2.; ## Signatures; IMPORTANT LEGAL NOTICE"
"progressive-discipline-policy.md","## 1.; ## 2.; ## Signatures; IMPORTANT LEGAL NOTICE"
"promissory-note-balloon-payments.md","## 1.; ## 2.; ## Signatures; IMPORTANT LEGAL NOTICE"
"promissory-note-installment-payments.md","## 1.; ## 2.; ## Signatures; IMPORTANT LEGAL NOTICE"
"promissory-note.md","IMPORTANT LEGAL NOTICE"
"proof-of-income-letter.md","## 1.; ## 2.; ## Signatures; IMPORTANT LEGAL NOTICE"
"property-deed.md","## 1.; ## 2.; ## Signatures; IMPORTANT LEGAL NOTICE"
"property-manager-agreement.md","## 1.; ## 2.; ## Signatures; IMPORTANT LEGAL NOTICE"
"provisional-patent-application.md","## 1.; ## 2.; ## Signatures; IMPORTANT LEGAL NOTICE"
"purchase-agreement.md","## 1.; ## 2.; ## Signatures; IMPORTANT LEGAL NOTICE"
"purchase-order.md","## 1.; ## 2.; ## Signatures; IMPORTANT LEGAL NOTICE"
"quitclaim-deed.md","## Signatures"
"real-estate-development-agreement.md","## 1.; ## 2.; ## Signatures; IMPORTANT LEGAL NOTICE"
"real-estate-purchase-agreement.md","## 1.; ## 2.; ## Signatures; IMPORTANT LEGAL NOTICE"
"receipt.md","## 1.; ## 2.; ## Signatures; IMPORTANT LEGAL NOTICE"
"recording-artist-agreement.md","## 1.; ## 2.; ## Signatures; IMPORTANT LEGAL NOTICE"
"release-for-use-of-likeness.md","## 1.; ## 2.; ## Signatures; IMPORTANT LEGAL NOTICE"
"release-of-liability.md","## 1.; ## 2.; ## Signatures; IMPORTANT LEGAL NOTICE"
"remodeling-contract.md","## 1.; ## 2.; ## Signatures; IMPORTANT LEGAL NOTICE"
"rent-increase-letter.md","## 1.; ## 2.; ## Signatures; IMPORTANT LEGAL NOTICE"
"rent-receipt.md","## 1.; ## 2.; ## Signatures; IMPORTANT LEGAL NOTICE"
"rental-agreement.md","## 1.; ## 2.; ## Signatures; IMPORTANT LEGAL NOTICE"
"research-agreement.md","## 1.; ## 2.; ## Signatures; IMPORTANT LEGAL NOTICE"
"research-development-agreement.md","## 1.; ## 2.; ## Signatures; IMPORTANT LEGAL NOTICE"
"reseller-agreement.md","## 1.; ## 2.; ## Signatures; IMPORTANT LEGAL NOTICE"
"residential-lease-agreement.md","## Signatures"
"residential-rental-application.md","## 1.; ## 2.; ## Signatures; IMPORTANT LEGAL NOTICE"
"residential-rental-inspection-report.md","## 1.; ## 2.; ## Signatures; IMPORTANT LEGAL NOTICE"
"resignation-letter-personal.md","## 1.; ## 2.; ## Signatures; IMPORTANT LEGAL NOTICE"
"resignation-letter.md","## 1.; ## 2.; ## Signatures; IMPORTANT LEGAL NOTICE"
"restaurant-agreement.md","## 1.; ## 2.; ## Signatures; IMPORTANT LEGAL NOTICE"
"restaurant-lease.md","## 1.; ## 2.; ## Signatures; IMPORTANT LEGAL NOTICE"
"retail-space-lease.md","## 1.; ## 2.; ## Signatures; IMPORTANT LEGAL NOTICE"
"retirement-plan-agreement.md","## 1.; ## 2.; ## Signatures; IMPORTANT LEGAL NOTICE"
"revocation-of-power-of-attorney.md","## 1.; ## 2.; ## Signatures; IMPORTANT LEGAL NOTICE"
"revolving-credit-agreement.md","## 1.; ## 2.; ## Signatures; IMPORTANT LEGAL NOTICE"
"ride-sharing-agreement.md","## 1.; ## 2.; ## Signatures; IMPORTANT LEGAL NOTICE"
"roofing-contract.md","## 1.; ## 2.; ## Signatures; IMPORTANT LEGAL NOTICE"
"room-rental-agreement.md","## 1.; ## 2.; ## Signatures; IMPORTANT LEGAL NOTICE"
"roommate-agreement.md","## 1.; ## 2.; ## Signatures; IMPORTANT LEGAL NOTICE"
"royalty-agreement.md","## 1.; ## 2.; ## Signatures; IMPORTANT LEGAL NOTICE"
"saas-agreement.md","## 1.; ## 2.; ## Signatures; IMPORTANT LEGAL NOTICE"
"salary-verification-letter.md","## 1.; ## 2.; ## Signatures; IMPORTANT LEGAL NOTICE"
"sale-of-goods.md","## 1.; ## 2.; ## Signatures; IMPORTANT LEGAL NOTICE"
"sales-agreement.md","## 1.; ## 2.; ## Signatures; IMPORTANT LEGAL NOTICE"
"security-agreement.md","## 1.; ## 2.; ## Signatures; IMPORTANT LEGAL NOTICE"
"separation-agreement.md","## 1.; ## 2.; ## Signatures; IMPORTANT LEGAL NOTICE"
"service-agreement.md","## Signatures"
"service-level-agreement.md","## 1.; ## 2.; ## Signatures; IMPORTANT LEGAL NOTICE"
"settlement-agreement.md","## 1.; ## 2.; ## Signatures; IMPORTANT LEGAL NOTICE"
"severance-agreement.md","## 1.; ## 2.; ## Signatures; IMPORTANT LEGAL NOTICE"
"shareholder-agreement.md","## 1.; ## 2.; ## Signatures; IMPORTANT LEGAL NOTICE"
"simple-will.md","## 1.; ## 2.; ## Signatures; IMPORTANT LEGAL NOTICE"
"single-member-llc-operating-agreement.md","## 1.; ## 2.; ## Signatures; IMPORTANT LEGAL NOTICE"
"small-claims-worksheet.md","## 1.; ## 2.; ## Signatures; IMPORTANT LEGAL NOTICE"
"small-estate-affidavit.md","## 1.; ## 2.; ## Signatures; IMPORTANT LEGAL NOTICE"
"social-media-management-agreement.md","## 1.; ## 2.; ## Signatures; IMPORTANT LEGAL NOTICE"
"software-development-services-agreement.md","## 1.; ## 2.; ## Signatures; IMPORTANT LEGAL NOTICE"
"software-license-agreement.md","## 1.; ## 2.; ## Signatures; IMPORTANT LEGAL NOTICE"
"software-maintenance-agreement.md","## 1.; ## 2.; ## Signatures; IMPORTANT LEGAL NOTICE"
"solar-energy-agreement.md","## 1.; ## 2.; ## Signatures; IMPORTANT LEGAL NOTICE"
"sponsorship-agreement.md","## 1.; ## 2.; ## Signatures; IMPORTANT LEGAL NOTICE"
"sports-agreement.md","## 1.; ## 2.; ## Signatures; IMPORTANT LEGAL NOTICE"
"startup-equity-agreement.md","## 1.; ## 2.; ## Signatures; IMPORTANT LEGAL NOTICE"
"statement-of-account.md","## 1.; ## 2.; ## Signatures; IMPORTANT LEGAL NOTICE"
"statement-of-work.md","## 1.; ## 2.; ## Signatures; IMPORTANT LEGAL NOTICE"
"stock-purchase-agreement.md","## 1.; ## 2.; ## Signatures; IMPORTANT LEGAL NOTICE"
"storage-space-lease-agreement.md","## 1.; ## 2.; ## Signatures; IMPORTANT LEGAL NOTICE"
"strategic-alliance-agreement.md","## 1.; ## 2.; ## Signatures; IMPORTANT LEGAL NOTICE"
"student-loan-agreement.md","## 1.; ## 2.; ## Signatures; IMPORTANT LEGAL NOTICE"
"subcontractor-agreement.md","## 1.; ## 2.; ## Signatures; IMPORTANT LEGAL NOTICE"
"sublease-agreement.md","## 1.; ## 2.; ## Signatures; IMPORTANT LEGAL NOTICE"
"supply-agreement.md","## 1.; ## 2.; ## Signatures; IMPORTANT LEGAL NOTICE"
"talent-agreement.md","## 1.; ## 2.; ## Signatures; IMPORTANT LEGAL NOTICE"
"talent-management-agreement.md","## 1.; ## 2.; ## Signatures; IMPORTANT LEGAL NOTICE"
"tax-preparation-agreement.md","## 1.; ## 2.; ## Signatures; IMPORTANT LEGAL NOTICE"
"technology-transfer-agreement.md","## 1.; ## 2.; ## Signatures; IMPORTANT LEGAL NOTICE"
"telecommuting-agreement.md","## 1.; ## 2.; ## Signatures; IMPORTANT LEGAL NOTICE"
"telemedicine-agreement.md","## 1.; ## 2.; ## Signatures; IMPORTANT LEGAL NOTICE"
"tenant-maintenance-request.md","## 1.; ## 2.; ## Signatures; IMPORTANT LEGAL NOTICE"
"term-sheet.md","## 1.; ## 2.; ## Signatures; IMPORTANT LEGAL NOTICE"
"termination-letter.md","## 1.; ## 2.; ## Signatures; IMPORTANT LEGAL NOTICE"
"timber-sale-agreement.md","## 1.; ## 2.; ## Signatures; IMPORTANT LEGAL NOTICE"
"trademark-application-worksheet.md","## 1.; ## 2.; ## Signatures; IMPORTANT LEGAL NOTICE"
"trademark-assignment.md","## 1.; ## 2.; ## Signatures; IMPORTANT LEGAL NOTICE"
"trademark-license-agreement.md","## 1.; ## 2.; ## Signatures; IMPORTANT LEGAL NOTICE"
"transportation-service-agreement.md","## 1.; ## 2.; ## Signatures; IMPORTANT LEGAL NOTICE"
"travel-insurance-agreement.md","## 1.; ## 2.; ## Signatures; IMPORTANT LEGAL NOTICE"
"triple-net-lease.md","## 1.; ## 2.; ## Signatures; IMPORTANT LEGAL NOTICE"
"tuition-agreement.md","## 1.; ## 2.; ## Signatures; IMPORTANT LEGAL NOTICE"
"tutoring-agreement.md","## 1.; ## 2.; ## Signatures; IMPORTANT LEGAL NOTICE"
"two-weeks-notice-letter.md","## 1.; ## 2.; ## Signatures; IMPORTANT LEGAL NOTICE"
"vacation-rental-agreement.md","## 1.; ## 2.; ## Signatures; IMPORTANT LEGAL NOTICE"
"vehicle-bill-of-sale.md","## Signatures"
"vehicle-lease-agreement.md","## 1.; ## 2.; ## Signatures; IMPORTANT LEGAL NOTICE"
"vendor-agreement.md","## 1.; ## 2.; ## Signatures; IMPORTANT LEGAL NOTICE"
"video-production-agreement.md","## 1.; ## 2.; ## Signatures; IMPORTANT LEGAL NOTICE"
"video-release.md","## 1.; ## 2.; ## Signatures; IMPORTANT LEGAL NOTICE"
"volunteer-agreement.md","## 1.; ## 2.; ## Signatures; IMPORTANT LEGAL NOTICE"
"warehouse-agreement.md","## 1.; ## 2.; ## Signatures; IMPORTANT LEGAL NOTICE"
"warehouse-lease.md","## 1.; ## 2.; ## Signatures; IMPORTANT LEGAL NOTICE"
"warranty-deed.md","## 1.; ## 2.; ## Signatures; IMPORTANT LEGAL NOTICE"
"water-rights-agreement.md","## 1.; ## 2.; ## Signatures; IMPORTANT LEGAL NOTICE"
"web-development-agreement.md","## 1.; ## 2.; ## Signatures; IMPORTANT LEGAL NOTICE"
"website-development-agreement.md","## 1.; ## 2.; ## Signatures; IMPORTANT LEGAL NOTICE"
"website-terms-of-service.md","## 1.; ## 2.; ## Signatures; IMPORTANT LEGAL NOTICE"
"work-from-home-agreement.md","## 1.; ## 2.; ## Signatures; IMPORTANT LEGAL NOTICE"
